{"loss": [0.45895329117774963, 0.33533087372779846, 0.2913750112056732, 0.2630036175251007, 0.24392779171466827, 0.2283484786748886, 0.2095397263765335, 0.1911468207836151, 0.17380453646183014, 0.15303495526313782, 0.13478539884090424, 0.11578824371099472, 0.09412777423858643, 0.08290205150842667, 0.06937489658594131, 0.05698345601558685, 0.053125228732824326, 0.04519185796380043, 0.0324983224272728, 0.03456856682896614, 0.03415257856249809, 0.028317324817180634, 0.01888190396130085, 0.02790210023522377, 0.02335420623421669], "acc": [0.8459925651550293, 0.8781773447990417, 0.8935748934745789, 0.9034187197685242, 0.9100503325462341, 0.916171133518219, 0.9227381944656372, 0.9302783608436584, 0.9366438388824463, 0.9447243213653564, 0.952302098274231, 0.9595465660095215, 0.9676028490066528, 0.971825897693634, 0.976823091506958, 0.9812288880348206, 0.9825460910797119, 0.9853336215019226, 0.9896588325500488, 0.9891050457954407, 0.9890647530555725, 0.9912340641021729, 0.9941667914390564, 0.9912905097007751, 0.9928039312362671], "val_loss": [0.3254845440387726, 0.2759188711643219, 0.2653503119945526, 0.25027433037757874, 0.24416716396808624, 0.24586309492588043, 0.2482898086309433, 0.25010594725608826, 0.29362592101097107, 0.2896323800086975, 0.29484546184539795, 0.3095908463001251, 0.36025962233543396, 0.40885311365127563, 0.4241744875907898, 0.47207602858543396, 0.48139363527297974, 0.5200433135032654, 0.5918933153152466, 0.5276778936386108, 0.571351170539856, 0.6488932371139526, 0.6624377369880676, 0.6215647459030151, 0.6515578627586365], "val_acc": [0.8834829330444336, 0.8941898941993713, 0.8965517282485962, 0.9050993323326111, 0.9051218032836914, 0.9040645956993103, 0.9055041670799255, 0.9030299186706543, 0.8982612490653992, 0.8997008204460144, 0.9032323360443115, 0.9048968553543091, 0.9037497043609619, 0.9010504484176636, 0.8977888822555542, 0.8889713883399963, 0.9012978672981262, 0.8965292572975159, 0.9027149677276611, 0.9017702341079712, 0.8997458219528198, 0.9007580280303955, 0.8992059826850891, 0.894639790058136, 0.9023100733757019]}