{"loss": [0.03391212224960327, 0.035410940647125244, 0.03210316598415375, 0.02717209793627262, 0.022715236991643906, 0.016388431191444397, 0.014377126470208168, 0.017308315262198448, 0.01666145958006382, 0.016270793974399567, 0.012992294505238533, 0.014072725549340248, 0.020063966512680054, 0.021292416378855705, 0.013202035799622536, 0.010286716744303703, 0.009348015300929546, 0.009752640500664711, 0.010228441096842289, 0.017468735575675964, 0.013415745459496975, 0.009713011793792248, 0.010684783570468426, 0.014854769222438335, 0.009226602502167225], "acc": [0.9885405898094177, 0.9881830215454102, 0.9896749258041382, 0.9909706115722656, 0.9925942420959473, 0.9948468804359436, 0.9955538511276245, 0.9946103096008301, 0.9946587085723877, 0.994669497013092, 0.9959059953689575, 0.9958575963973999, 0.9935485124588013, 0.9929437041282654, 0.9957044124603271, 0.9967796206474304, 0.9971828460693359, 0.9969893097877502, 0.996785044670105, 0.9945458173751831, 0.9957178235054016, 0.9969301819801331, 0.9970592260360718, 0.9951721429824829, 0.9972339272499084], "val_loss": [0.6312475800514221, 0.6616037487983704, 0.624330997467041, 0.7028283476829529, 0.7258238792419434, 0.7590128183364868, 0.7833645939826965, 0.7901328802108765, 0.7835708260536194, 0.8172256350517273, 0.8257036805152893, 0.8036867380142212, 0.812924325466156, 0.7843655347824097, 0.8378090858459473, 0.8398903608322144, 0.8775755763053894, 0.8748517632484436, 0.8857815861701965, 0.788985550403595, 0.842961847782135, 0.882811427116394, 0.8005860447883606, 0.8852735757827759, 0.8809442520141602], "val_acc": [0.8853273987770081, 0.8829430937767029, 0.8850799798965454, 0.8841352462768555, 0.8834154605865479, 0.8880941271781921, 0.8826956152915955, 0.8836178779602051, 0.8849675059318542, 0.8866770267486572, 0.8841127157211304, 0.8854173421859741, 0.8863620758056641, 0.883325457572937, 0.8871718645095825, 0.8855973482131958, 0.887036919593811, 0.8882290720939636, 0.8853724002838135, 0.8867895007133484, 0.8863620758056641, 0.8864745497703552, 0.8863171339035034, 0.8866320252418518, 0.8848325610160828]}