{"loss": [0.4845282733440399, 0.37144768238067627, 0.33611732721328735, 0.3137262761592865, 0.2939835786819458, 0.27584585547447205, 0.257654070854187, 0.23925815522670746, 0.21699942648410797, 0.19614261388778687, 0.17386475205421448, 0.1516089141368866, 0.13608267903327942, 0.11867967247962952, 0.10515030473470688, 0.08938145637512207, 0.08200535923242569, 0.07047607004642487, 0.0643148347735405, 0.06166651472449303, 0.0483514703810215, 0.044016484171152115, 0.03737814351916313, 0.03720015287399292, 0.0402044877409935], "acc": [0.8407211899757385, 0.8665028810501099, 0.8785617351531982, 0.8862685561180115, 0.8930506706237793, 0.8995075225830078, 0.9067277908325195, 0.9126712083816528, 0.9223484396934509, 0.9299235343933105, 0.9380255341529846, 0.9461731910705566, 0.952447235584259, 0.9584202766418457, 0.9635894894599915, 0.9692156910896301, 0.9721134901046753, 0.9759252667427063, 0.9781026244163513, 0.9791886210441589, 0.9839196801185608, 0.9853686094284058, 0.9876266121864319, 0.9876104593276978, 0.9866158962249756], "val_loss": [0.39539462327957153, 0.34542471170425415, 0.3188648819923401, 0.30867093801498413, 0.3115207850933075, 0.3043745756149292, 0.30668312311172485, 0.3156841993331909, 0.32047438621520996, 0.3423273265361786, 0.36132940649986267, 0.40525516867637634, 0.4461527466773987, 0.48645660281181335, 0.48943716287612915, 0.5721339583396912, 0.5407254099845886, 0.6083006262779236, 0.6017000675201416, 0.6642780303955078, 0.7203735709190369, 0.7463253140449524, 0.7971230745315552, 0.782882809638977, 0.8262839913368225], "val_acc": [0.8593247532844543, 0.8749128580093384, 0.8825381994247437, 0.8891063332557678, 0.8884314894676208, 0.8886789679527283, 0.8900960683822632, 0.8825156688690186, 0.8911307454109192, 0.8916705846786499, 0.8865645527839661, 0.8773871660232544, 0.88503497838974, 0.8838878273963928, 0.8837078809738159, 0.8808961510658264, 0.8829430937767029, 0.8842251896858215, 0.8835954070091248, 0.8859797120094299, 0.8854623436927795, 0.8848325610160828, 0.8882066011428833, 0.8833029866218567, 0.8797714710235596]}