{"loss": [0.44399920105934143, 0.31206926703453064, 0.27356329560279846, 0.2507944703102112, 0.22918160259723663, 0.21557101607322693, 0.1977653205394745, 0.1789245754480362, 0.16190677881240845, 0.14027780294418335, 0.11992016434669495, 0.09917863458395004, 0.08049836754798889, 0.07279698550701141, 0.0610879510641098, 0.051305755972862244, 0.04026331380009651, 0.032626740634441376, 0.030784472823143005, 0.027753563597798347, 0.02477337419986725, 0.020419230684638023, 0.020316854119300842, 0.017193417996168137, 0.014175181277096272], "acc": [0.8478661775588989, 0.8845320343971252, 0.8980962634086609, 0.9057063460350037, 0.9136846661567688, 0.9180797338485718, 0.9255957007408142, 0.9333509206771851, 0.9401679635047913, 0.9474930763244629, 0.9568880200386047, 0.9647319316864014, 0.9717479348182678, 0.9751268625259399, 0.9789735674858093, 0.9829707741737366, 0.9867314696311951, 0.9894760251045227, 0.9899598956108093, 0.9909034371376038, 0.9919867515563965, 0.9935404658317566, 0.9936802387237549, 0.9946533441543579, 0.9957635402679443], "val_loss": [0.3519139587879181, 0.29588261246681213, 0.26562994718551636, 0.2556171119213104, 0.2462826669216156, 0.2405657321214676, 0.24614371359348297, 0.24544909596443176, 0.2719678282737732, 0.2854810357093811, 0.2872335910797119, 0.3372907340526581, 0.3330742418766022, 0.34362152218818665, 0.397030770778656, 0.40983715653419495, 0.44076642394065857, 0.4670902192592621, 0.5066053867340088, 0.4742743968963623, 0.5363245606422424, 0.5263280868530273, 0.561464786529541, 0.5696272253990173, 0.6053583025932312], "val_acc": [0.8716287612915039, 0.8878691792488098, 0.8970240950584412, 0.9062689542770386, 0.9076185822486877, 0.9082034230232239, 0.908315896987915, 0.9059090614318848, 0.9045594334602356, 0.90309739112854, 0.9053467512130737, 0.9023100733757019, 0.9006455540657043, 0.8998358249664307, 0.9013878703117371, 0.9033223390579224, 0.9000157713890076, 0.8997682929039001, 0.8956294655799866, 0.9016802906990051, 0.9019727110862732, 0.9009379744529724, 0.8931102156639099, 0.8979238271713257, 0.8988460898399353]}